,location,rainfall,forecast,flood_prediction
1165,Poole Road,24,,0
1164,West Coast Road,23,,0
1163,Mandai Lake Road,22,Light Rain,1
1162,Upper Changi Road North,21,Cloudy,0
1161,Alexandra Road,20,,0
1160,Yio Chu Kang Road,19,,0
1159,Scotts Road,18,,0
1158,Lim Chu Kang Road,17,Partly Cloudy (Night),0
1157,Lornie Road,16,,0
1156,Kent Ridge Road,15,,0
1155,Kent Ridge Road,24,,0
1154,Kent Ridge Road,23,,0
1153,Tuas South Avenue 3,22,Cloudy,0
1152,Margaret Drive,21,,1
1151,Poole Road,20,,0
1150,Poole Road,19,,0
1149,West Coast Road,18,,1
1148,Kent Ridge Road,17,,0
1147,Yio Chu Kang Road,16,,0
1146,Yio Chu Kang Road,15,,0
1145,Jurong West Street 73,24,Partly Cloudy (Day),0
1144,South Buona Vista Road,23,,0
1143,Lornie Road,22,,0
1142,Hougang Avenue 1,21,Partly Cloudy (Day),0
1141,Lim Chu Kang Road,20,Light Rain,0
1140,Lornie Road,19,,0
1139,Bishan Street 13,18,Cloudy,0
1138,Poole Road,17,,0
1137,Lornie Road,16,,0
1136,Somerset Road,15,,0
1135,Jurong West Street 73,24,Cloudy,0
1134,Upper Changi Road North,23,Light Rain,0
1133,Jurong West Street 42,22,Cloudy,0
1132,Kranji Road,21,,0
1131,Woodlands Drive 62,20,Partly Cloudy (Night),0
1130,Lornie Road,19,,0
1129,Kim Chuan Road,18,,0
1128,Ang Mo Kio Avenue 10,17,Partly Cloudy (Day),0
1127,Poole Road,16,,0
1126,Kim Chuan Road,15,,0
1125,Scotts Road,24,,0
1124,Scotts Road,23,,0
1123,Jurong Pier Road,22,,0
1122,Kim Chuan Road,21,,0
1121,Hougang Avenue 1,20,Partly Cloudy (Night),0
1120,Lim Chu Kang Road,19,Partly Cloudy (Day),0
1119,Somerset Road,18,,0
1118,South Buona Vista Road,17,,0
1117,Tuas South Avenue 3,16,Partly Cloudy (Day),0
1116,Marine Parade Road,15,Cloudy,0
839,Bukit Timah Road,6,Heavy Thundery Showers with Gusty Winds,0
35,West Coast Road,6.6,,0
34,Lim Chu Kang Road,6.8,Heavy Thundery Showers with Gusty Winds,0
33,Scotts Road,10.2,,0
31,Somerset Road,8.4,,0
30,Alexandra Road,13.4,,0
27,Margaret Drive,7.3,,0
25,Jurong West Street 73,6.3,Heavy Thundery Showers with Gusty Winds,0
21,Towner Road,5.8,,0
14,Clementi Road,10.8,Heavy Thundery Showers with Gusty Winds,0
11,Bukit Timah Road,14.4,Heavy Thundery Showers with Gusty Winds,0
8,Henderson Road,12.3,,0
3,Mandai Lake Road,7.2,Heavy Thundery Showers with Gusty Winds,0
1115,West Coast Road,0,,0
1114,Lim Chu Kang Road,0,Cloudy,0
1113,Scotts Road,0,,0
1112,Poole Road,0,,0
1111,Somerset Road,0,,0
1110,Alexandra Road,0,,0
1109,Jurong Pier Road,0,,0
1108,Kent Ridge Road,0,,0
1107,Margaret Drive,0,,0
1106,Malan Road,0,,0
1105,Jurong West Street 73,0,Cloudy,0
1104,Woodlands Drive 62,0,Cloudy,0
1103,Jurong West Street 42,0,Cloudy,0
1102,Pasir Ris Drive 12,0,Light Rain,0
1101,Towner Road,0,,0
1100,Upper Changi Road North,0,Light Rain,0
1099,Bukit Panjang Road,0,Cloudy,0
1098,Marine Parade Road,0,Light Rain,0
1097,Tuas South Avenue 3,0,Light Rain,0
1096,Kranji Road,0,,0
1095,Pasir Ris Street 51,0,Light Rain,0
1094,Clementi Road,0,Cloudy,0
1093,Yishun Ring Road,0,Cloudy,0
1092,South Buona Vista Road,0,,0
1091,Bukit Timah Road,0,Cloudy,0
1090,Lornie Road,0,,0
1089,Upper Thomson Road,0,,0
1088,Henderson Road,0,,0
1087,Hougang Avenue 1,0,Light Rain,0
1086,Kim Chuan Road,0,,0
1085,Nanyang Avenue,0,,0
1084,Simei Avenue,0,,0
1083,Mandai Lake Road,0,Cloudy,0
1082,Bishan Street 13,0,Cloudy,0
1081,Ang Mo Kio Avenue 10,0,Cloudy,0
1080,Yio Chu Kang Road,0,,0
1079,West Coast Road,0,,0
1078,Lim Chu Kang Road,0,Cloudy,0
1077,Scotts Road,0,,0
1076,Poole Road,0,,0
1075,Somerset Road,0,,0
1074,Alexandra Road,0,,0
1073,Jurong Pier Road,0,,0
1072,Kent Ridge Road,0,,0
1071,Margaret Drive,0,,0
1070,Malan Road,0,,0
1069,Jurong West Street 73,0,Light Rain,0
1068,Woodlands Drive 62,0,Cloudy,0
1067,Jurong West Street 42,0,Light Rain,0
1066,Pasir Ris Drive 12,0,Light Rain,0
1065,Towner Road,0,,0
1064,Upper Changi Road North,0,Light Rain,0
1063,Bukit Panjang Road,0,Light Rain,0
1062,Marine Parade Road,0,Light Rain,0
1061,Tuas South Avenue 3,0,Light Rain,0
1060,Kranji Road,0,,0
1059,Pasir Ris Street 51,0,Light Rain,0
1058,Clementi Road,0,Light Rain,0
1057,Yishun Ring Road,0,Cloudy,0
1056,South Buona Vista Road,0,,0
1055,Bukit Timah Road,0,Light Rain,0
1054,Lornie Road,0,,0
1053,Upper Thomson Road,0,,0
1052,Henderson Road,0,,0
1051,Hougang Avenue 1,0,Light Rain,0
1050,Kim Chuan Road,0,,0
1049,Nanyang Avenue,0,,0
1048,Simei Avenue,0,,0
1047,Mandai Lake Road,0,Cloudy,0
1046,Bishan Street 13,0,Light Rain,0
1045,Ang Mo Kio Avenue 10,0,Light Rain,0
1044,Yio Chu Kang Road,0,,0
1043,West Coast Road,0,,0
1042,Lim Chu Kang Road,0,Cloudy,0
1041,Scotts Road,0,,0
1040,Poole Road,0,,0
1039,Somerset Road,0,,0
1038,Alexandra Road,0,,0
1037,Jurong Pier Road,0,,0
1036,Kent Ridge Road,0,,0
1035,Margaret Drive,0,,0
1034,Malan Road,0,,0
1033,Jurong West Street 73,0,Cloudy,0
1032,Woodlands Drive 62,0,Cloudy,0
1031,Jurong West Street 42,0,Cloudy,0
1030,Pasir Ris Drive 12,0,Cloudy,0
1029,Towner Road,0,,0
1028,Upper Changi Road North,0,Light Rain,0
1027,Bukit Panjang Road,0,Cloudy,0
1026,Marine Parade Road,0,Light Rain,0
1025,Tuas South Avenue 3,0,Cloudy,0
1024,Kranji Road,0,,0
1023,Pasir Ris Street 51,0,Cloudy,0
1022,Clementi Road,0,Cloudy,0
1021,Yishun Ring Road,0,Cloudy,0
1020,South Buona Vista Road,0,,0
1019,Bukit Timah Road,0,Cloudy,0
1018,Lornie Road,0,,0
1017,Upper Thomson Road,0,,0
1016,Henderson Road,0,,0
1015,Hougang Avenue 1,0,Cloudy,0
1014,Kim Chuan Road,0,,0
1013,Nanyang Avenue,0,,0
1012,Simei Avenue,0,,0
1011,Mandai Lake Road,0,Cloudy,0
1010,Bishan Street 13,0,Cloudy,0
1009,Ang Mo Kio Avenue 10,0,Cloudy,0
1008,Yio Chu Kang Road,0,,0
1007,West Coast Road,0,,0
1006,Lim Chu Kang Road,0,Cloudy,0
1005,Scotts Road,0,,0
1004,Poole Road,0,,0
1003,Somerset Road,0,,0
1002,Alexandra Road,0,,0
1001,Jurong Pier Road,0,,0
1000,Kent Ridge Road,0,,0
999,Margaret Drive,0,,0
998,Malan Road,0,,0
997,Jurong West Street 73,0,Cloudy,0
996,Woodlands Drive 62,0,Cloudy,0
995,Jurong West Street 42,0,Cloudy,0
994,Pasir Ris Drive 12,0,Cloudy,0
993,Towner Road,0,,0
992,Upper Changi Road North,0,Cloudy,0
991,Bukit Panjang Road,0,Cloudy,0
990,Marine Parade Road,0,Cloudy,0
989,Tuas South Avenue 3,0,Cloudy,0
988,Kranji Road,0,,0
987,Pasir Ris Street 51,0,Cloudy,0
986,Clementi Road,0,Cloudy,0
985,Yishun Ring Road,0,Cloudy,0
984,South Buona Vista Road,0,,0
983,Bukit Timah Road,0,Cloudy,0
982,Lornie Road,0,,0
981,Upper Thomson Road,0,,0
980,Henderson Road,0,,0
979,Hougang Avenue 1,0,Cloudy,0
978,Kim Chuan Road,0,,0
977,Nanyang Avenue,0,,0
976,Simei Avenue,0,,0
975,Mandai Lake Road,0,Cloudy,0
974,Bishan Street 13,0,Cloudy,0
973,Ang Mo Kio Avenue 10,0,Cloudy,0
972,Yio Chu Kang Road,0,,0
971,West Coast Road,0,,0
970,Lim Chu Kang Road,0,Light Rain,0
969,Scotts Road,0,,0
968,Poole Road,0,,0
967,Somerset Road,0,,0
966,Alexandra Road,0,,0
965,Jurong Pier Road,0,,0
964,Kent Ridge Road,0,,0
963,Margaret Drive,0,,0
962,Malan Road,0,,0
961,Jurong West Street 73,0,Light Rain,0
960,Woodlands Drive 62,0,Light Rain,0
959,Jurong West Street 42,0,Light Rain,0
958,Pasir Ris Drive 12,0,Cloudy,0
957,Towner Road,0,,0
956,Upper Changi Road North,0,Cloudy,0
955,Bukit Panjang Road,0,Light Rain,0
954,Marine Parade Road,0,Cloudy,0
953,Tuas South Avenue 3,0,Light Rain,0
952,Kranji Road,0,,0
951,Pasir Ris Street 51,0,Cloudy,0
950,Clementi Road,0,Light Rain,0
949,Yishun Ring Road,0,Light Rain,0
948,South Buona Vista Road,0,,0
947,Bukit Timah Road,0,Light Rain,0
946,Lornie Road,0,,0
945,Upper Thomson Road,0,,0
944,Henderson Road,0,,0
943,Hougang Avenue 1,0,Cloudy,0
942,Kim Chuan Road,0,,0
941,Nanyang Avenue,0,,0
940,Simei Avenue,0,,0
939,Mandai Lake Road,0,Light Rain,0
938,Bishan Street 13,0,Light Rain,0
937,Ang Mo Kio Avenue 10,0,Light Rain,0
936,Yio Chu Kang Road,0,,0
935,West Coast Road,0,,0
934,Lim Chu Kang Road,0,Light Rain,0
933,Scotts Road,0.2,,0
932,Poole Road,0.2,,0
931,Somerset Road,0,,0
930,Alexandra Road,0.2,,0
929,Jurong Pier Road,0,,0
928,Kent Ridge Road,0.2,,0
927,Margaret Drive,0.2,,0
926,Malan Road,0.4,,0
925,Jurong West Street 73,0,Light Rain,0
924,Woodlands Drive 62,0,Light Rain,0
923,Jurong West Street 42,0,Light Rain,0
922,Pasir Ris Drive 12,0,Light Rain,0
921,Towner Road,0,,0
920,Upper Changi Road North,0,Light Rain,0
919,Bukit Panjang Road,0.2,Moderate Rain,0
918,Marine Parade Road,0,Showers,0
917,Tuas South Avenue 3,0,Light Rain,0
916,Kranji Road,0,,0
915,Pasir Ris Street 51,0,Light Rain,0
914,Clementi Road,0,Light Rain,0
913,Yishun Ring Road,0,Light Rain,0
912,South Buona Vista Road,0.2,,0
911,Bukit Timah Road,0,Moderate Rain,0
910,Lornie Road,0.2,,0
909,Upper Thomson Road,0,,0
908,Henderson Road,0.2,,0
907,Hougang Avenue 1,0.2,Showers,0
906,Kim Chuan Road,0,,0
905,Nanyang Avenue,0,,0
904,Simei Avenue,0,,0
903,Mandai Lake Road,0,Light Rain,0
902,Bishan Street 13,0,Moderate Rain,0
901,Ang Mo Kio Avenue 10,0,Moderate Rain,0
900,Yio Chu Kang Road,0.2,,0
899,West Coast Road,0.2,,0
898,Lim Chu Kang Road,0,Light Rain,0
897,Scotts Road,0.2,,0
896,Poole Road,0,,0
895,Somerset Road,0,,0
894,Alexandra Road,0.4,,0
893,Jurong Pier Road,0,,0
892,Kent Ridge Road,0.2,,0
891,Margaret Drive,1.2,,0
890,Malan Road,0,,0
889,Jurong West Street 73,0,Light Rain,0
888,Woodlands Drive 62,0.2,Thundery Showers,0
887,Jurong West Street 42,0,Light Rain,0
886,Pasir Ris Drive 12,0.2,Thundery Showers,0
885,Towner Road,0,,0
884,Upper Changi Road North,0,Thundery Showers,0
883,Bukit Panjang Road,0,Thundery Showers,0
882,Marine Parade Road,0,Thundery Showers,0
881,Tuas South Avenue 3,0,Light Rain,0
880,Kranji Road,0,,0
879,Pasir Ris Street 51,0.2,Thundery Showers,0
878,Clementi Road,0.2,Light Rain,0
877,Yishun Ring Road,0.4,Thundery Showers,0
876,South Buona Vista Road,0.2,,0
875,Bukit Timah Road,0.4,Thundery Showers,0
874,Lornie Road,0.8,,0
873,Upper Thomson Road,1.8,,0
872,Henderson Road,0.2,,0
871,Hougang Avenue 1,0,Thundery Showers,0
870,Kim Chuan Road,0,,0
869,Nanyang Avenue,0,,0
868,Simei Avenue,0.6,,0
867,Mandai Lake Road,0.2,Thundery Showers,0
866,Bishan Street 13,1.6,Thundery Showers,0
865,Ang Mo Kio Avenue 10,3.3,Thundery Showers,0
864,Yio Chu Kang Road,0.2,,0
863,West Coast Road,0,,0
862,Lim Chu Kang Road,0,Heavy Thundery Showers with Gusty Winds,0
861,Scotts Road,3.4,,0
860,Poole Road,0,,0
859,Somerset Road,0.4,,0
858,Alexandra Road,0,,0
857,Jurong Pier Road,0,,0
856,Kent Ridge Road,0,,0
855,Margaret Drive,0,,0
854,Malan Road,0,,0
853,Jurong West Street 73,0,Showers,0
852,Woodlands Drive 62,0.4,Heavy Thundery Showers with Gusty Winds,0
851,Jurong West Street 42,0,Showers,0
850,Pasir Ris Drive 12,0,Thundery Showers,0
849,Towner Road,0.2,,0
848,Upper Changi Road North,0,Showers,0
847,Bukit Panjang Road,1,Heavy Thundery Showers with Gusty Winds,0
846,Marine Parade Road,0,Thundery Showers,0
845,Tuas South Avenue 3,0,Showers,0
844,Kranji Road,0.6,,0
843,Pasir Ris Street 51,0,Thundery Showers,0
842,Clementi Road,3.2,Thundery Showers,0
841,Yishun Ring Road,1,Heavy Thundery Showers with Gusty Winds,0
840,South Buona Vista Road,0,,0
838,Lornie Road,2.6,,0
837,Upper Thomson Road,0.2,,0
836,Henderson Road,0,,0
835,Hougang Avenue 1,0,Thundery Showers,0
834,Kim Chuan Road,0,,0
833,Nanyang Avenue,0,,0
832,Simei Avenue,0,,0
831,Mandai Lake Road,0.6,Heavy Thundery Showers with Gusty Winds,0
830,Bishan Street 13,0,Heavy Thundery Showers with Gusty Winds,0
829,Ang Mo Kio Avenue 10,0,Heavy Thundery Showers with Gusty Winds,0
828,Yio Chu Kang Road,0,,0
827,West Coast Road,0,,0
826,Lim Chu Kang Road,0.4,Thundery Showers,0
825,Scotts Road,0,,0
824,Poole Road,0,,0
823,Somerset Road,0,,0
822,Alexandra Road,0,,0
821,Jurong Pier Road,0,,0
820,Kent Ridge Road,0,,0
819,Margaret Drive,0,,0
818,Malan Road,0,,0
817,Jurong West Street 73,0,Thundery Showers,0
816,Woodlands Drive 62,0.2,Thundery Showers,0
815,Jurong West Street 42,0,Thundery Showers,0
814,Pasir Ris Drive 12,0,Showers,0
813,Towner Road,0,,0
812,Upper Changi Road North,0,Showers,0
811,Bukit Panjang Road,3.8,Thundery Showers,0
810,Marine Parade Road,0,Thundery Showers,0
809,Tuas South Avenue 3,0,Thundery Showers,0
808,Kranji Road,2.8,,0
807,Pasir Ris Street 51,0,Showers,0
806,Clementi Road,0,Thundery Showers,0
805,Yishun Ring Road,0.8,Thundery Showers,0
804,South Buona Vista Road,0,,0
803,Bukit Timah Road,0,Thundery Showers,0
802,Lornie Road,0,,0
801,Upper Thomson Road,0,,0
800,Henderson Road,0,,0
799,Hougang Avenue 1,0,Showers,0
798,Kim Chuan Road,0,,0
797,Nanyang Avenue,0.4,,0
796,Simei Avenue,0,,0
795,Mandai Lake Road,0,Thundery Showers,0
794,Bishan Street 13,0,Thundery Showers,0
793,Ang Mo Kio Avenue 10,0,Thundery Showers,0
792,Yio Chu Kang Road,0,,0
791,West Coast Road,0,,0
790,Lim Chu Kang Road,0.2,Showers,0
789,Scotts Road,1.4,,0
788,Poole Road,0,,0
787,Somerset Road,0,,0
786,Alexandra Road,0,,0
785,Jurong Pier Road,0,,0
784,Kent Ridge Road,0,,0
783,Margaret Drive,0,,0
782,Malan Road,0,,0
781,Jurong West Street 73,0,Showers,0
780,Woodlands Drive 62,0,Showers,0
779,Jurong West Street 42,0,Showers,0
778,Pasir Ris Drive 12,0,Showers,0
777,Towner Road,0,,0
776,Upper Changi Road North,0,Showers,0
775,Bukit Panjang Road,0,Showers,0
774,Marine Parade Road,0.8,Showers,0
773,Tuas South Avenue 3,0,Showers,0
772,Kranji Road,0,,0
771,Pasir Ris Street 51,0,Showers,0
770,Clementi Road,0,Showers,0
769,Yishun Ring Road,0,Showers,0
768,South Buona Vista Road,0,,0
767,Bukit Timah Road,2.8,Showers,0
766,Lornie Road,0,,0
765,Upper Thomson Road,0,,0
764,Henderson Road,0,,0
763,Hougang Avenue 1,0,Showers,0
762,Kim Chuan Road,0,,0
761,Nanyang Avenue,0,,0
760,Simei Avenue,0,,0
759,Mandai Lake Road,0,Showers,0
758,Bishan Street 13,0,Showers,0
757,Ang Mo Kio Avenue 10,0,Showers,0
756,Yio Chu Kang Road,0.2,,0
755,West Coast Road,0,,0
754,Lim Chu Kang Road,0,Showers,0
753,Scotts Road,0,,0
752,Poole Road,0,,0
751,Somerset Road,0,,0
750,Alexandra Road,0,,0
749,Jurong Pier Road,0,,0
748,Kent Ridge Road,0,,0
747,Margaret Drive,0,,0
746,Malan Road,0,,0
745,Jurong West Street 73,0,Showers,0
744,Woodlands Drive 62,0,Partly Cloudy (Day),0
743,Jurong West Street 42,0,Showers,0
742,Pasir Ris Drive 12,0,Partly Cloudy (Day),0
741,Towner Road,0,,0
740,Upper Changi Road North,0,Showers,0
739,Bukit Panjang Road,0,Partly Cloudy (Day),0
738,Marine Parade Road,0,Partly Cloudy (Day),0
737,Tuas South Avenue 3,0,Showers,0
736,Kranji Road,0,,0
735,Pasir Ris Street 51,0,Partly Cloudy (Day),0
734,Clementi Road,0,Partly Cloudy (Day),0
733,Yishun Ring Road,0,Partly Cloudy (Day),0
732,South Buona Vista Road,0,,0
731,Bukit Timah Road,0,Partly Cloudy (Day),0
730,Lornie Road,0,,0
729,Upper Thomson Road,0,,0
728,Henderson Road,0,,0
727,Hougang Avenue 1,0,Partly Cloudy (Day),0
726,Kim Chuan Road,0,,0
725,Nanyang Avenue,0,,0
724,Simei Avenue,0,,0
723,Mandai Lake Road,0,Partly Cloudy (Day),0
722,Bishan Street 13,0,Partly Cloudy (Day),0
721,Ang Mo Kio Avenue 10,0,Partly Cloudy (Day),0
720,Yio Chu Kang Road,0,,0
719,West Coast Road,0,,0
718,Lim Chu Kang Road,0,Partly Cloudy (Day),0
717,Scotts Road,0,,0
716,Poole Road,0,,0
715,Somerset Road,0,,0
714,Alexandra Road,0,,0
713,Jurong Pier Road,0,,0
712,Kent Ridge Road,0,,0
711,Margaret Drive,0,,0
710,Malan Road,0,,0
709,Jurong West Street 73,0,Partly Cloudy (Day),0
708,Woodlands Drive 62,0,Partly Cloudy (Day),0
707,Jurong West Street 42,0,Partly Cloudy (Day),0
706,Pasir Ris Drive 12,0,Partly Cloudy (Day),0
705,Towner Road,0,,0
704,Upper Changi Road North,0,Partly Cloudy (Day),0
703,Bukit Panjang Road,0,Partly Cloudy (Day),0
702,Marine Parade Road,0,Partly Cloudy (Day),0
701,Tuas South Avenue 3,0,Partly Cloudy (Day),0
700,Kranji Road,0,,0
699,Pasir Ris Street 51,0,Partly Cloudy (Day),0
698,Clementi Road,0,Partly Cloudy (Day),0
697,Yishun Ring Road,0,Partly Cloudy (Day),0
696,South Buona Vista Road,0,,0
695,Bukit Timah Road,0,Partly Cloudy (Day),0
694,Lornie Road,0,,0
693,Upper Thomson Road,0,,0
692,Henderson Road,0,,0
691,Hougang Avenue 1,0,Partly Cloudy (Day),0
690,Kim Chuan Road,0,,0
689,Nanyang Avenue,0,,0
688,Simei Avenue,0,,0
687,Mandai Lake Road,0,Partly Cloudy (Day),0
686,Bishan Street 13,0,Partly Cloudy (Day),0
685,Ang Mo Kio Avenue 10,0,Partly Cloudy (Day),0
684,Yio Chu Kang Road,0,,0
683,West Coast Road,0,,0
682,Lim Chu Kang Road,0,Partly Cloudy (Day),0
681,Scotts Road,0,,0
680,Poole Road,0,,0
679,Somerset Road,0,,0
678,Alexandra Road,0,,0
677,Jurong Pier Road,0,,0
676,Kent Ridge Road,0,,0
675,Margaret Drive,0,,0
674,Malan Road,0,,0
673,Jurong West Street 73,0,Partly Cloudy (Day),0
672,Woodlands Drive 62,0,Partly Cloudy (Day),0
671,Jurong West Street 42,0,Partly Cloudy (Day),0
670,Pasir Ris Drive 12,0,Partly Cloudy (Day),0
669,Towner Road,0,,0
668,Upper Changi Road North,0,Partly Cloudy (Day),0
667,Bukit Panjang Road,0,Partly Cloudy (Day),0
666,Marine Parade Road,0,Partly Cloudy (Day),0
665,Tuas South Avenue 3,0,Partly Cloudy (Day),0
664,Kranji Road,0,,0
663,Pasir Ris Street 51,0,Partly Cloudy (Day),0
662,Clementi Road,0,Partly Cloudy (Day),0
661,Yishun Ring Road,0,Partly Cloudy (Day),0
660,South Buona Vista Road,0,,0
659,Bukit Timah Road,0,Partly Cloudy (Day),0
658,Lornie Road,0,,0
657,Upper Thomson Road,0,,0
656,Henderson Road,0,,0
655,Hougang Avenue 1,0,Partly Cloudy (Day),0
654,Kim Chuan Road,0,,0
653,Nanyang Avenue,0,,0
652,Simei Avenue,0,,0
651,Mandai Lake Road,0,Partly Cloudy (Day),0
650,Bishan Street 13,0,Partly Cloudy (Day),0
649,Ang Mo Kio Avenue 10,0,Partly Cloudy (Day),0
648,Yio Chu Kang Road,0,,0
647,West Coast Road,0,,0
646,Lim Chu Kang Road,0,Partly Cloudy (Day),0
645,Scotts Road,0,,0
644,Poole Road,0,,0
643,Somerset Road,0,,0
642,Alexandra Road,0,,0
641,Jurong Pier Road,0,,0
640,Kent Ridge Road,0,,0
639,Margaret Drive,0,,0
638,Malan Road,0,,0
637,Jurong West Street 73,0,Partly Cloudy (Day),0
636,Woodlands Drive 62,0,Partly Cloudy (Day),0
635,Jurong West Street 42,0,Partly Cloudy (Day),0
634,Pasir Ris Drive 12,0,Partly Cloudy (Day),0
633,Towner Road,0,,0
632,Upper Changi Road North,0,Partly Cloudy (Day),0
631,Bukit Panjang Road,0,Partly Cloudy (Day),0
630,Marine Parade Road,0,Partly Cloudy (Day),0
629,Tuas South Avenue 3,0,Partly Cloudy (Day),0
628,Kranji Road,0,,0
627,Pasir Ris Street 51,0,Partly Cloudy (Day),0
626,Clementi Road,0,Partly Cloudy (Day),0
625,Yishun Ring Road,0,Partly Cloudy (Day),0
624,South Buona Vista Road,0,,0
623,Bukit Timah Road,0,Partly Cloudy (Day),0
622,Lornie Road,0,,0
621,Upper Thomson Road,0,,0
620,Henderson Road,0,,0
619,Hougang Avenue 1,0,Partly Cloudy (Day),0
618,Kim Chuan Road,0,,0
617,Nanyang Avenue,0,,0
616,Simei Avenue,0,,0
615,Mandai Lake Road,0,Partly Cloudy (Day),0
614,Bishan Street 13,0,Partly Cloudy (Day),0
613,Ang Mo Kio Avenue 10,0,Partly Cloudy (Day),0
612,Yio Chu Kang Road,0,,0
611,West Coast Road,0,,0
610,Lim Chu Kang Road,0,Partly Cloudy (Day),0
609,Scotts Road,0,,0
608,Poole Road,0,,0
607,Somerset Road,0,,0
606,Alexandra Road,0,,0
605,Jurong Pier Road,0,,0
604,Kent Ridge Road,0,,0
603,Margaret Drive,0,,0
602,Malan Road,0,,0
601,Jurong West Street 73,0,Partly Cloudy (Day),0
600,Woodlands Drive 62,0,Partly Cloudy (Day),0
599,Jurong West Street 42,0,Partly Cloudy (Day),0
598,Pasir Ris Drive 12,0,Partly Cloudy (Day),0
597,Towner Road,0,,0
596,Upper Changi Road North,0,Partly Cloudy (Day),0
595,Bukit Panjang Road,0,Partly Cloudy (Day),0
594,Marine Parade Road,0,Partly Cloudy (Day),0
593,Tuas South Avenue 3,0,Partly Cloudy (Day),0
592,Kranji Road,0,,0
591,Pasir Ris Street 51,0,Partly Cloudy (Day),0
590,Clementi Road,0,Partly Cloudy (Day),0
589,Yishun Ring Road,0,Partly Cloudy (Day),0
588,South Buona Vista Road,0,,0
587,Bukit Timah Road,0,Partly Cloudy (Day),0
586,Lornie Road,0,,0
585,Upper Thomson Road,0,,0
584,Henderson Road,0,,0
583,Hougang Avenue 1,0,Partly Cloudy (Day),0
582,Kim Chuan Road,0,,0
581,Nanyang Avenue,0,,0
580,Simei Avenue,0,,0
579,Mandai Lake Road,0,Partly Cloudy (Day),0
578,Bishan Street 13,0,Partly Cloudy (Day),0
577,Ang Mo Kio Avenue 10,0,Partly Cloudy (Day),0
576,Yio Chu Kang Road,0,,0
575,West Coast Road,0,,0
574,Lim Chu Kang Road,0,Partly Cloudy (Day),0
573,Scotts Road,0,,0
572,Poole Road,0,,0
571,Somerset Road,0,,0
570,Alexandra Road,0,,0
569,Jurong Pier Road,0,,0
568,Kent Ridge Road,0,,0
567,Margaret Drive,0,,0
566,Malan Road,0,,0
565,Jurong West Street 73,0,Partly Cloudy (Day),0
564,Woodlands Drive 62,0,Partly Cloudy (Day),0
563,Jurong West Street 42,0,Partly Cloudy (Day),0
562,Pasir Ris Drive 12,0,Partly Cloudy (Day),0
561,Towner Road,0,,0
560,Upper Changi Road North,0,Partly Cloudy (Day),0
559,Bukit Panjang Road,0,Partly Cloudy (Day),0
558,Marine Parade Road,0,Partly Cloudy (Day),0
557,Tuas South Avenue 3,0,Partly Cloudy (Day),0
556,Kranji Road,0,,0
555,Pasir Ris Street 51,0,Partly Cloudy (Day),0
554,Clementi Road,0,Partly Cloudy (Day),0
553,Yishun Ring Road,0,Partly Cloudy (Day),0
552,South Buona Vista Road,0,,0
551,Bukit Timah Road,0,Partly Cloudy (Day),0
550,Lornie Road,0,,0
549,Upper Thomson Road,0,,0
548,Henderson Road,0,,0
547,Hougang Avenue 1,0,Partly Cloudy (Day),0
546,Kim Chuan Road,0,,0
545,Nanyang Avenue,0,,0
544,Simei Avenue,0,,0
543,Mandai Lake Road,0,Partly Cloudy (Day),0
542,Bishan Street 13,0,Partly Cloudy (Day),0
541,Ang Mo Kio Avenue 10,0,Partly Cloudy (Day),0
540,Yio Chu Kang Road,0,,0
539,West Coast Road,0,,0
538,Lim Chu Kang Road,0,Partly Cloudy (Day),0
537,Scotts Road,0,,0
536,Poole Road,0,,0
535,Somerset Road,0,,0
534,Alexandra Road,0,,0
533,Jurong Pier Road,0,,0
532,Kent Ridge Road,0,,0
531,Margaret Drive,0,,0
530,Malan Road,0,,0
529,Jurong West Street 73,0,Partly Cloudy (Day),0
528,Woodlands Drive 62,0,Partly Cloudy (Day),0
527,Jurong West Street 42,0,Partly Cloudy (Day),0
526,Pasir Ris Drive 12,0,Partly Cloudy (Day),0
525,Towner Road,0,,0
524,Upper Changi Road North,0,Partly Cloudy (Day),0
523,Bukit Panjang Road,0,Partly Cloudy (Day),0
522,Marine Parade Road,0,Partly Cloudy (Day),0
521,Tuas South Avenue 3,0,Partly Cloudy (Day),0
520,Kranji Road,0,,0
519,Pasir Ris Street 51,0,Partly Cloudy (Day),0
518,Clementi Road,0,Partly Cloudy (Day),0
517,Yishun Ring Road,0,Partly Cloudy (Day),0
516,South Buona Vista Road,0,,0
515,Bukit Timah Road,0,Partly Cloudy (Day),0
514,Lornie Road,0,,0
513,Upper Thomson Road,0,,0
512,Henderson Road,0,,0
511,Hougang Avenue 1,0,Partly Cloudy (Day),0
510,Kim Chuan Road,0,,0
509,Nanyang Avenue,0,,0
508,Simei Avenue,0,,0
507,Mandai Lake Road,0,Partly Cloudy (Day),0
506,Bishan Street 13,0,Partly Cloudy (Day),0
505,Ang Mo Kio Avenue 10,0,Partly Cloudy (Day),0
504,Yio Chu Kang Road,0,,0
503,West Coast Road,0,,0
502,Lim Chu Kang Road,0,Partly Cloudy (Day),0
501,Scotts Road,0,,0
500,Poole Road,0,,0
499,Somerset Road,0,,0
498,Alexandra Road,0,,0
497,Jurong Pier Road,0,,0
496,Kent Ridge Road,0,,0
495,Margaret Drive,0,,0
494,Malan Road,0,,0
493,Jurong West Street 73,0,Partly Cloudy (Day),0
492,Woodlands Drive 62,0,Partly Cloudy (Day),0
491,Jurong West Street 42,0,Partly Cloudy (Day),0
490,Pasir Ris Drive 12,0,Partly Cloudy (Day),0
489,Towner Road,0,,0
488,Upper Changi Road North,0,Partly Cloudy (Day),0
487,Bukit Panjang Road,0,Partly Cloudy (Day),0
486,Marine Parade Road,0,Partly Cloudy (Day),0
485,Tuas South Avenue 3,0,Partly Cloudy (Day),0
484,Kranji Road,0,,0
483,Pasir Ris Street 51,0,Partly Cloudy (Day),0
482,Clementi Road,0,Partly Cloudy (Day),0
481,Yishun Ring Road,0,Partly Cloudy (Day),0
480,South Buona Vista Road,0,,0
479,Bukit Timah Road,0,Partly Cloudy (Day),0
478,Lornie Road,0,,0
477,Upper Thomson Road,0,,0
476,Henderson Road,0,,0
475,Hougang Avenue 1,0,Partly Cloudy (Day),0
474,Kim Chuan Road,0,,0
473,Nanyang Avenue,0,,0
472,Simei Avenue,0,,0
471,Mandai Lake Road,0,Partly Cloudy (Day),0
470,Bishan Street 13,0,Partly Cloudy (Day),0
469,Ang Mo Kio Avenue 10,0,Partly Cloudy (Day),0
468,Yio Chu Kang Road,0,,0
467,West Coast Road,0,,0
466,Lim Chu Kang Road,0,Partly Cloudy (Night),0
465,Scotts Road,0,,0
464,Poole Road,0,,0
463,Somerset Road,0,,0
462,Alexandra Road,0,,0
461,Jurong Pier Road,0,,0
460,Kent Ridge Road,0,,0
459,Margaret Drive,0,,0
458,Malan Road,0,,0
457,Jurong West Street 73,0,Partly Cloudy (Night),0
456,Woodlands Drive 62,0,Partly Cloudy (Night),0
455,Jurong West Street 42,0,Partly Cloudy (Night),0
454,Pasir Ris Drive 12,0,Partly Cloudy (Night),0
453,Towner Road,0,,0
452,Upper Changi Road North,0,Partly Cloudy (Night),0
451,Bukit Panjang Road,0,Partly Cloudy (Night),0
450,Marine Parade Road,0,Partly Cloudy (Night),0
449,Tuas South Avenue 3,0,Partly Cloudy (Night),0
448,Kranji Road,0,,0
447,Pasir Ris Street 51,0,Partly Cloudy (Night),0
446,Clementi Road,0,Partly Cloudy (Night),0
445,Yishun Ring Road,0,Partly Cloudy (Night),0
444,South Buona Vista Road,0,,0
443,Bukit Timah Road,0,Partly Cloudy (Night),0
442,Lornie Road,0,,0
441,Upper Thomson Road,0,,0
440,Henderson Road,0,,0
439,Hougang Avenue 1,0,Partly Cloudy (Night),0
438,Kim Chuan Road,0,,0
437,Nanyang Avenue,0,,0
436,Simei Avenue,0,,0
435,Mandai Lake Road,0,Partly Cloudy (Night),0
434,Bishan Street 13,0,Partly Cloudy (Night),0
433,Ang Mo Kio Avenue 10,0,Partly Cloudy (Night),0
432,Yio Chu Kang Road,0,,0
431,West Coast Road,0,,0
430,Lim Chu Kang Road,0,Cloudy,0
429,Scotts Road,0,,0
428,Poole Road,0,,0
427,Somerset Road,0,,0
426,Alexandra Road,0,,0
425,Jurong Pier Road,0,,0
424,Kent Ridge Road,0,,0
423,Margaret Drive,0,,0
422,Malan Road,0,,0
421,Jurong West Street 73,0,Cloudy,0
420,Woodlands Drive 62,0,Cloudy,0
419,Jurong West Street 42,0,Cloudy,0
418,Pasir Ris Drive 12,0,Cloudy,0
417,Towner Road,0,,0
416,Upper Changi Road North,0,Cloudy,0
415,Bukit Panjang Road,0,Cloudy,0
414,Marine Parade Road,0,Cloudy,0
413,Tuas South Avenue 3,0,Cloudy,0
412,Kranji Road,0,,0
411,Pasir Ris Street 51,0,Cloudy,0
410,Clementi Road,0,Cloudy,0
409,Yishun Ring Road,0,Cloudy,0
408,South Buona Vista Road,0,,0
407,Bukit Timah Road,0,Cloudy,0
406,Lornie Road,0,,0
405,Upper Thomson Road,0,,0
404,Henderson Road,0,,0
403,Hougang Avenue 1,0,Cloudy,0
402,Kim Chuan Road,0,,0
401,Nanyang Avenue,0,,0
400,Simei Avenue,0,,0
399,Mandai Lake Road,0,Cloudy,0
398,Bishan Street 13,0,Cloudy,0
397,Ang Mo Kio Avenue 10,0,Cloudy,0
396,Yio Chu Kang Road,0,,0
395,West Coast Road,0,,0
394,Lim Chu Kang Road,0,Cloudy,0
393,Scotts Road,0,,0
392,Poole Road,0,,0
391,Somerset Road,0,,0
390,Alexandra Road,0,,0
389,Jurong Pier Road,0,,0
388,Kent Ridge Road,0,,0
387,Margaret Drive,0,,0
386,Malan Road,0,,0
385,Jurong West Street 73,0,Cloudy,0
384,Woodlands Drive 62,0,Cloudy,0
383,Jurong West Street 42,0,Cloudy,0
382,Pasir Ris Drive 12,0,Cloudy,0
381,Towner Road,0,,0
380,Upper Changi Road North,0,Cloudy,0
379,Bukit Panjang Road,0,Cloudy,0
378,Marine Parade Road,0,Cloudy,0
377,Tuas South Avenue 3,0,Cloudy,0
376,Kranji Road,0,,0
375,Pasir Ris Street 51,0,Cloudy,0
374,Clementi Road,0,Cloudy,0
373,Yishun Ring Road,0,Cloudy,0
372,South Buona Vista Road,0,,0
371,Bukit Timah Road,0,Cloudy,0
370,Lornie Road,0,,0
369,Upper Thomson Road,0,,0
368,Henderson Road,0,,0
367,Hougang Avenue 1,0,Cloudy,0
366,Kim Chuan Road,0,,0
365,Nanyang Avenue,0,,0
364,Simei Avenue,0,,0
363,Mandai Lake Road,0,Cloudy,0
362,Bishan Street 13,0,Cloudy,0
361,Ang Mo Kio Avenue 10,0,Cloudy,0
360,Yio Chu Kang Road,0,,0
359,West Coast Road,0,,0
358,Lim Chu Kang Road,0,Cloudy,0
357,Scotts Road,0,,0
356,Poole Road,0,,0
355,Somerset Road,0,,0
354,Alexandra Road,0,,0
353,Jurong Pier Road,0,,0
352,Kent Ridge Road,0,,0
351,Margaret Drive,0,,0
350,Malan Road,0,,0
349,Jurong West Street 73,0,Cloudy,0
348,Woodlands Drive 62,0,Cloudy,0
347,Jurong West Street 42,0,Cloudy,0
346,Pasir Ris Drive 12,0,Cloudy,0
345,Towner Road,0,,0
344,Upper Changi Road North,0,Cloudy,0
343,Bukit Panjang Road,0,Cloudy,0
342,Marine Parade Road,0,Cloudy,0
341,Tuas South Avenue 3,0,Cloudy,0
340,Kranji Road,0,,0
339,Pasir Ris Street 51,0,Cloudy,0
338,Clementi Road,0,Cloudy,0
337,Yishun Ring Road,0,Cloudy,0
336,South Buona Vista Road,0,,0
335,Bukit Timah Road,0,Cloudy,0
334,Lornie Road,0,,0
333,Upper Thomson Road,0,,0
332,Henderson Road,0,,0
331,Hougang Avenue 1,0,Cloudy,0
330,Kim Chuan Road,0,,0
329,Nanyang Avenue,0,,0
328,Simei Avenue,0,,0
327,Mandai Lake Road,0,Cloudy,0
326,Bishan Street 13,0,Cloudy,0
325,Ang Mo Kio Avenue 10,0,Cloudy,0
324,Yio Chu Kang Road,0,,0
323,West Coast Road,0,,0
322,Lim Chu Kang Road,0,Cloudy,0
321,Scotts Road,0,,0
320,Poole Road,0,,0
319,Somerset Road,0,,0
318,Alexandra Road,0,,0
317,Jurong Pier Road,0,,0
316,Kent Ridge Road,0,,0
315,Margaret Drive,0,,0
314,Malan Road,0,,0
313,Jurong West Street 73,0,Cloudy,0
312,Woodlands Drive 62,0,Cloudy,0
311,Jurong West Street 42,0,Cloudy,0
310,Pasir Ris Drive 12,0,Cloudy,0
309,Towner Road,0,,0
308,Upper Changi Road North,0,Cloudy,0
307,Bukit Panjang Road,0,Cloudy,0
306,Marine Parade Road,0,Cloudy,0
305,Tuas South Avenue 3,0,Cloudy,0
304,Kranji Road,0,,0
303,Pasir Ris Street 51,0,Cloudy,0
302,Clementi Road,0,Cloudy,0
301,Yishun Ring Road,0,Cloudy,0
300,South Buona Vista Road,0,,0
299,Bukit Timah Road,0,Cloudy,0
298,Lornie Road,0,,0
297,Upper Thomson Road,0,,0
296,Henderson Road,0,,0
295,Hougang Avenue 1,0,Cloudy,0
294,Kim Chuan Road,0,,0
293,Nanyang Avenue,0,,0
292,Simei Avenue,0,,0
291,Mandai Lake Road,0,Cloudy,0
290,Bishan Street 13,0,Cloudy,0
289,Ang Mo Kio Avenue 10,0,Cloudy,0
288,Yio Chu Kang Road,0,,0
287,West Coast Road,0,,0
286,Lim Chu Kang Road,0,Cloudy,0
285,Scotts Road,0,,0
284,Poole Road,0,,0
283,Somerset Road,0,,0
282,Alexandra Road,0,,0
281,Jurong Pier Road,0,,0
280,Kent Ridge Road,0,,0
279,Margaret Drive,0,,0
278,Malan Road,0,,0
277,Jurong West Street 73,0,Cloudy,0
276,Woodlands Drive 62,0,Cloudy,0
275,Jurong West Street 42,0,Cloudy,0
274,Pasir Ris Drive 12,0,Cloudy,0
273,Towner Road,0,,0
272,Upper Changi Road North,0,Cloudy,0
271,Bukit Panjang Road,0,Cloudy,0
270,Marine Parade Road,0,Cloudy,0
269,Tuas South Avenue 3,0,Cloudy,0
268,Kranji Road,0,,0
267,Pasir Ris Street 51,0,Cloudy,0
266,Clementi Road,0,Cloudy,0
265,Yishun Ring Road,0,Cloudy,0
264,South Buona Vista Road,0,,0
263,Bukit Timah Road,0,Cloudy,0
262,Lornie Road,0,,0
261,Upper Thomson Road,0,,0
260,Henderson Road,0,,0
259,Hougang Avenue 1,0,Cloudy,0
258,Kim Chuan Road,0,,0
257,Nanyang Avenue,0,,0
256,Simei Avenue,0,,0
255,Mandai Lake Road,0,Cloudy,0
254,Bishan Street 13,0,Cloudy,0
253,Ang Mo Kio Avenue 10,0,Cloudy,0
252,Yio Chu Kang Road,0,,0
251,West Coast Road,0,,0
250,Lim Chu Kang Road,0,Cloudy,0
249,Scotts Road,0,,0
248,Poole Road,0,,0
247,Somerset Road,0,,0
246,Alexandra Road,0,,0
245,Jurong Pier Road,0,,0
244,Kent Ridge Road,0,,0
243,Margaret Drive,0,,0
242,Malan Road,0,,0
241,Jurong West Street 73,0,Cloudy,0
240,Woodlands Drive 62,0,Cloudy,0
239,Jurong West Street 42,0,Cloudy,0
238,Pasir Ris Drive 12,0,Cloudy,0
237,Towner Road,0,,0
236,Upper Changi Road North,0,Cloudy,0
235,Bukit Panjang Road,0,Cloudy,0
234,Marine Parade Road,0,Cloudy,0
233,Tuas South Avenue 3,0,Cloudy,0
232,Kranji Road,0,,0
231,Pasir Ris Street 51,0,Cloudy,0
230,Clementi Road,0,Cloudy,0
229,Yishun Ring Road,0,Cloudy,0
228,South Buona Vista Road,0,,0
227,Bukit Timah Road,0,Cloudy,0
226,Lornie Road,0,,0
225,Upper Thomson Road,0,,0
224,Henderson Road,0,,0
223,Hougang Avenue 1,0,Cloudy,0
222,Kim Chuan Road,0,,0
221,Nanyang Avenue,0,,0
220,Simei Avenue,0,,0
219,Mandai Lake Road,0,Cloudy,0
218,Bishan Street 13,0,Cloudy,0
217,Ang Mo Kio Avenue 10,0,Cloudy,0
216,Yio Chu Kang Road,0,,0
215,West Coast Road,0,,0
214,Lim Chu Kang Road,0,Cloudy,0
213,Scotts Road,0,,0
212,Poole Road,0,,0
211,Somerset Road,0,,0
210,Alexandra Road,0,,0
209,Jurong Pier Road,0,,0
208,Kent Ridge Road,0,,0
207,Margaret Drive,0,,0
206,Malan Road,0,,0
205,Jurong West Street 73,0,Cloudy,0
204,Woodlands Drive 62,0,Cloudy,0
203,Jurong West Street 42,0,Cloudy,0
202,Pasir Ris Drive 12,0,Cloudy,0
201,Towner Road,0,,0
200,Upper Changi Road North,0,Cloudy,0
199,Bukit Panjang Road,0,Cloudy,0
198,Marine Parade Road,0,Cloudy,0
197,Tuas South Avenue 3,0,Cloudy,0
196,Kranji Road,0,,0
195,Pasir Ris Street 51,0,Cloudy,0
194,Clementi Road,0,Cloudy,0
193,Yishun Ring Road,0,Cloudy,0
192,South Buona Vista Road,0,,0
191,Bukit Timah Road,0,Cloudy,0
190,Lornie Road,0,,0
189,Upper Thomson Road,0,,0
188,Henderson Road,0,,0
187,Hougang Avenue 1,0,Cloudy,0
186,Kim Chuan Road,0,,0
185,Nanyang Avenue,0,,0
184,Simei Avenue,0,,0
183,Mandai Lake Road,0,Cloudy,0
182,Bishan Street 13,0,Cloudy,0
181,Ang Mo Kio Avenue 10,0,Cloudy,0
180,Yio Chu Kang Road,0,,0
179,West Coast Road,0,,0
178,Lim Chu Kang Road,0,Cloudy,0
177,Scotts Road,0,,0
176,Poole Road,0,,0
175,Somerset Road,0,,0
174,Alexandra Road,0,,0
173,Jurong Pier Road,0,,0
172,Kent Ridge Road,0,,0
171,Margaret Drive,0,,0
170,Malan Road,0,,0
169,Jurong West Street 73,0,Cloudy,0
168,Woodlands Drive 62,0,Cloudy,0
167,Jurong West Street 42,0,Cloudy,0
166,Pasir Ris Drive 12,0,Cloudy,0
165,Towner Road,0,,0
164,Upper Changi Road North,0,Cloudy,0
163,Bukit Panjang Road,0,Cloudy,0
162,Marine Parade Road,0,Cloudy,0
161,Tuas South Avenue 3,0,Cloudy,0
160,Kranji Road,0,,0
159,Pasir Ris Street 51,0,Cloudy,0
158,Clementi Road,0,Cloudy,0
157,Yishun Ring Road,0,Cloudy,0
156,South Buona Vista Road,0,,0
155,Bukit Timah Road,0,Cloudy,0
154,Lornie Road,0,,0
153,Upper Thomson Road,0,,0
152,Henderson Road,0,,0
151,Hougang Avenue 1,0,Cloudy,0
150,Kim Chuan Road,0,,0
149,Nanyang Avenue,0,,0
148,Simei Avenue,0,,0
147,Mandai Lake Road,0,Cloudy,0
146,Bishan Street 13,0,Cloudy,0
145,Ang Mo Kio Avenue 10,0,Cloudy,0
144,Yio Chu Kang Road,0,,0
143,West Coast Road,0,,0
142,Lim Chu Kang Road,0,Cloudy,0
141,Scotts Road,0,,0
140,Poole Road,0,,0
139,Somerset Road,0,,0
138,Alexandra Road,0,,0
137,Jurong Pier Road,0.2,,0
136,Kent Ridge Road,0,,0
135,Margaret Drive,0,,0
134,Malan Road,0,,0
133,Jurong West Street 73,0,Showers,0
132,Woodlands Drive 62,0,Cloudy,0
131,Jurong West Street 42,0,Showers,0
130,Pasir Ris Drive 12,0,Cloudy,0
129,Towner Road,0,,0
128,Upper Changi Road North,0,Cloudy,0
127,Bukit Panjang Road,0,Cloudy,0
126,Marine Parade Road,0,Cloudy,0
125,Tuas South Avenue 3,0,Showers,0
124,Kranji Road,0,,0
123,Pasir Ris Street 51,0,Cloudy,0
122,Clementi Road,0,Showers,0
121,Yishun Ring Road,0,Cloudy,0
120,South Buona Vista Road,0,,0
119,Bukit Timah Road,0,Cloudy,0
118,Lornie Road,0,,0
117,Upper Thomson Road,0,,0
116,Henderson Road,0,,0
115,Hougang Avenue 1,0,Cloudy,0
114,Kim Chuan Road,0,,0
113,Nanyang Avenue,0,,0
112,Simei Avenue,0,,0
111,Mandai Lake Road,0,Cloudy,0
110,Bishan Street 13,0,Cloudy,0
109,Ang Mo Kio Avenue 10,0,Cloudy,0
108,Yio Chu Kang Road,0,,0
107,West Coast Road,0,,0
106,Lim Chu Kang Road,0,Cloudy,0
105,Scotts Road,0,,0
104,Poole Road,0,,0
103,Somerset Road,0,,0
102,Alexandra Road,0,,0
101,Jurong Pier Road,0,,0
100,Kent Ridge Road,0,,0
99,Margaret Drive,0.2,,0
98,Malan Road,0,,0
97,Jurong West Street 73,0,Cloudy,0
96,Woodlands Drive 62,0,Cloudy,0
95,Jurong West Street 42,0,Cloudy,0
94,Pasir Ris Drive 12,0,Cloudy,0
93,Towner Road,0,,0
92,Upper Changi Road North,0,Cloudy,0
91,Bukit Panjang Road,0,Cloudy,0
90,Marine Parade Road,0,Cloudy,0
89,Tuas South Avenue 3,0,Cloudy,0
88,Kranji Road,0,,0
87,Pasir Ris Street 51,0,Cloudy,0
86,Clementi Road,0,Cloudy,0
85,Yishun Ring Road,0,Cloudy,0
84,South Buona Vista Road,0,,0
83,Bukit Timah Road,0,Cloudy,0
82,Lornie Road,0,,0
81,Upper Thomson Road,0,,0
80,Henderson Road,0.2,,0
79,Hougang Avenue 1,0,Cloudy,0
78,Kim Chuan Road,0,,0
77,Nanyang Avenue,0,,0
76,Simei Avenue,0,,0
75,Mandai Lake Road,0,Cloudy,0
74,Bishan Street 13,0,Cloudy,0
73,Ang Mo Kio Avenue 10,0,Cloudy,0
72,Yio Chu Kang Road,0,,0
71,West Coast Road,2.2,,0
70,Lim Chu Kang Road,0,Thundery Showers,0
69,Scotts Road,0.4,,0
68,Poole Road,0.6,,0
67,Somerset Road,0.6,,0
66,Alexandra Road,0.8,,0
65,Jurong Pier Road,4.4,,0
64,Kent Ridge Road,1.2,,0
63,Margaret Drive,0.6,,0
62,Malan Road,1.8,,0
61,Jurong West Street 73,1.8,Heavy Thundery Showers with Gusty Winds,0
60,Woodlands Drive 62,0,Thundery Showers,0
59,Jurong West Street 42,1,Heavy Thundery Showers with Gusty Winds,0
58,Pasir Ris Drive 12,0,Cloudy,0
57,Towner Road,0.6,,0
56,Upper Changi Road North,0,Cloudy,0
55,Bukit Panjang Road,0.2,Heavy Thundery Showers with Gusty Winds,0
54,Marine Parade Road,0,Thundery Showers,0
53,Tuas South Avenue 3,1,Heavy Thundery Showers with Gusty Winds,0
52,Kranji Road,0.2,,0
51,Pasir Ris Street 51,0,Cloudy,0
50,Clementi Road,0.6,Heavy Thundery Showers with Gusty Winds,0
49,Yishun Ring Road,0,Cloudy,0
48,South Buona Vista Road,1,,0
47,Bukit Timah Road,0.6,Heavy Thundery Showers with Gusty Winds,0
46,Lornie Road,0.2,,0
45,Upper Thomson Road,0,,0
44,Henderson Road,0.8,,0
43,Hougang Avenue 1,0,Thundery Showers,0
42,Kim Chuan Road,0,,0
41,Nanyang Avenue,1.4,,0
40,Simei Avenue,0,,0
39,Mandai Lake Road,0,Thundery Showers,0
38,Bishan Street 13,0,Heavy Thundery Showers with Gusty Winds,0
37,Ang Mo Kio Avenue 10,0,Heavy Thundery Showers with Gusty Winds,0
36,Yio Chu Kang Road,0,,0
32,Poole Road,3.6,,0
29,Jurong Pier Road,0,,0
28,Kent Ridge Road,0.2,,0
26,Malan Road,1.4,,0
24,Woodlands Drive 62,0.2,Heavy Thundery Showers with Gusty Winds,0
23,Jurong West Street 42,5.1,Heavy Thundery Showers with Gusty Winds,0
22,Pasir Ris Drive 12,1,Thundery Showers,0
20,Upper Changi Road North,0,Thundery Showers,0
19,Bukit Panjang Road,3.6,Heavy Thundery Showers with Gusty Winds,0
18,Marine Parade Road,3.2,Thundery Showers,0
17,Tuas South Avenue 3,0,Heavy Thundery Showers with Gusty Winds,0
16,Kranji Road,0.6,,0
15,Pasir Ris Street 51,2.8,Thundery Showers,0
13,Yishun Ring Road,0.2,Heavy Thundery Showers with Gusty Winds,0
12,South Buona Vista Road,3,,0
10,Lornie Road,5.6,,0
9,Upper Thomson Road,2,,0
7,Hougang Avenue 1,0.4,Thundery Showers,0
6,Kim Chuan Road,0.2,,0
5,Nanyang Avenue,1.4,,0
4,Simei Avenue,4,,0
2,Bishan Street 13,4.7,Heavy Thundery Showers with Gusty Winds,0
1,Ang Mo Kio Avenue 10,2.7,Heavy Thundery Showers with Gusty Winds,0
0,Yio Chu Kang Road,2.8,,0
